{
  "name": "7b6860797c3c13282697",
  "layouts": [
    {
      "id": 0,
      "position": {
        "height": 119.1044776119403,
        "width": 316.1194029850746,
        "x": 592.83582089552237,
        "y": 129.18244597905993,
        "z": 14000,
        "tabOrder": 13000
      }
    }
  ],
  "singleVisualGroup": {
    "displayName": "Groupe 2",
    "groupMode": 0
  }
}