{
  "height": 119.1044776119403,
  "tabOrder": 13000,
  "width": 316.1194029850746,
  "x": 592.83582089552237,
  "y": 129.18244597905993,
  "z": 14000
}