{
  "height": 223.88059701492537,
  "tabOrder": 4000,
  "width": 402.08955223880594,
  "x": 240,
  "y": 304.47761194029852,
  "z": 6000
}