{
  "height": 52.52279635258359,
  "tabOrder": 16000,
  "width": 57.38601823708207,
  "x": 227.59878419452889,
  "y": 22.370820668693014,
  "z": 17000
}