{
  "name": "d2681c297f8c26cd6034",
  "layouts": [
    {
      "id": 0,
      "position": {
        "x": 17.113752122241088,
        "y": 8.5568760611205441,
        "z": 3000,
        "width": 172.35993208828523,
        "height": 180.91680814940577,
        "tabOrder": 1000
      }
    }
  ],
  "singleVisual": {
    "visualType": "image",
    "drillFilterOtherVisuals": true,
    "objects": {
      "general": [
        {
          "properties": {
            "imageUrl": {
              "expr": {
                "ResourcePackageItem": {
                  "PackageName": "RegisteredResources",
                  "PackageType": 1,
                  "ItemName": "Capture_d'_cran_2025-04-04_1836973237642134573.png"
                }
              }
            }
          }
        }
      ]
    }
  }
}