{
  "height": 180.91680814940577,
  "tabOrder": 1000,
  "width": 172.35993208828523,
  "x": 17.113752122241088,
  "y": 8.5568760611205441,
  "z": 3000
}