{
  "height": 112.83582089552239,
  "tabOrder": 12000,
  "width": 261.49253731343282,
  "x": 472.83582089552237,
  "y": 136.11940298507463,
  "z": 11000
}