{
  "height": 94.02985074626865,
  "tabOrder": 17000,
  "width": 335.82089552238807,
  "x": 563.28358208955217,
  "y": 116.41791044776119,
  "z": 15000
}