{
  "height": 49.253731343283576,
  "width": 48.358208955223866,
  "x": 224.42860325239474,
  "y": 24.96769881933615,
  "z": 14000
}