{
  "height": 223.88059701492537,
  "width": 259.70149253731341,
  "x": 1011.9402985074627,
  "y": 304.47761194029852,
  "z": 2000
}