{
  "height": 269.54773869346729,
  "tabOrder": 3000,
  "width": 1070.9547738693466,
  "x": 209.84924623115577,
  "y": 450.45226130653265,
  "z": 3000
}