{
  "height": 39.878419452887542,
  "tabOrder": 1000,
  "width": 43.768996960486326,
  "x": 1193.4346504559271,
  "y": 24.316109422492403,
  "z": 4000
}