{
  "height": 26345.1256281407,
  "tabOrder": 2000,
  "width": 50365.628140703513,
  "x": 653.0653266331658,
  "y": 0,
  "z": 2000
}