{
  "height": 202.38805970149252,
  "tabOrder": 4000,
  "width": 195.22388059701493,
  "x": 1078.2089552238806,
  "y": 284.77611940298505,
  "z": 6000
}