{
  "height": 334.67336683417085,
  "tabOrder": 2000,
  "width": 1499.6984924623114,
  "x": 209.84924623115577,
  "y": 115.7788944723618,
  "z": 2000
}