{
  "height": 538.84498480243167,
  "tabOrder": 5000,
  "width": 192.58358662613983,
  "x": 8.7537993920972657,
  "y": 168.26747720364742,
  "z": 7000
}