{
  "height": 113.73134328358209,
  "tabOrder": 14000,
  "width": 310.74626865671638,
  "x": 230.14925373134326,
  "y": 129.85074626865671,
  "z": 13000
}