{
  "height": 95.319148936170222,
  "width": 286.93009118541033,
  "x": 0,
  "y": 0,
  "z": 2000
}