{
  "height": 204.17910447761193,
  "tabOrder": 1000,
  "width": 582.98507462686564,
  "x": 422.68656716417911,
  "y": 269.55223880597015,
  "z": 3000
}