{
  "height": 94.02985074626865,
  "tabOrder": 16000,
  "width": 281.19402985074623,
  "x": 946.56716417910445,
  "y": 116.41791044776119,
  "z": 14000
}