{
  "height": 56.670396405784231,
  "width": 60.30395136778116,
  "x": 275.258358662614,
  "y": 17.895914654458178,
  "z": 17002
}