{
  "height": 719.75683890577511,
  "tabOrder": 3000,
  "width": 217.87234042553192,
  "x": 0,
  "y": 0,
  "z": 1000
}