{
  "height": 95.820895522388057,
  "tabOrder": 14000,
  "width": 286.56716417910445,
  "x": 240,
  "y": 113.73134328358209,
  "z": 16000
}