{
  "height": 111.94029850746269,
  "tabOrder": 1000,
  "width": 245.0979062846221,
  "x": 0,
  "y": 0,
  "z": 2000
}