{
  "height": 536.89969604863222,
  "tabOrder": 4000,
  "width": 182.85714285714286,
  "x": 13.617021276595745,
  "y": 168.26747720364742,
  "z": 6000
}