{
  "height": 438.66261398176295,
  "tabOrder": 4000,
  "width": 183.82978723404256,
  "x": 11.671732522796352,
  "y": 269.42249240121583,
  "z": 6000
}