{
  "height": 115.74468085106383,
  "tabOrder": 6000,
  "width": 1070.8814589665653,
  "x": 206.20060790273558,
  "y": 0,
  "z": 1000
}