{
  "height": 332.23880597014926,
  "tabOrder": 10000,
  "width": 695.820895522388,
  "x": 0,
  "y": 387.76119402985074,
  "z": 14000
}