{
  "height": 83.647416413373861,
  "tabOrder": 7000,
  "width": 177.99392097264439,
  "x": 18.480243161094226,
  "y": 166.32218844984803,
  "z": 9000
}