{
  "height": 64.367393800229621,
  "width": 59.1044776119403,
  "x": 227.66317665404324,
  "y": 21.583014891101321,
  "z": 1000
}