{
  "height": 39.878419452887542,
  "tabOrder": 1000,
  "width": 43.768996960486326,
  "x": 1170.0911854103344,
  "y": 22.37082066869301,
  "z": 5000
}