{
  "height": 206.86567164179104,
  "tabOrder": 3000,
  "width": 278.50746268656718,
  "x": 994.92537313432831,
  "y": 513.1343283582089,
  "z": 5000
}