{
  "height": 113.73134328358209,
  "tabOrder": 1000,
  "width": 310.74626865671638,
  "x": 0,
  "y": 0,
  "z": 3000
}