{
  "height": 113.73134328358209,
  "tabOrder": 1000,
  "width": 316.1194029850746,
  "x": 0,
  "y": 1.5638226776564863,
  "z": 3000
}