{
  "height": 224.77611940298507,
  "tabOrder": 2000,
  "width": 327.76119402985074,
  "x": 667.16417910447763,
  "y": 304.47761194029852,
  "z": 4000
}