{
  "height": 173.73134328358208,
  "tabOrder": 6000,
  "width": 274.02985074626866,
  "x": 505.07462686567163,
  "y": 541.79104477611941,
  "z": 8000
}