{
  "height": 39.878419452887542,
  "width": 40.851063829787236,
  "x": 265.53191489361706,
  "y": 22.37082066869301,
  "z": 4000
}