{
  "height": 51.2347354138399,
  "width": 53.5315421958949,
  "x": 181.09532347574688,
  "y": 22.278235989497009,
  "z": 14006
}