{
  "height": 139.35483870967741,
  "tabOrder": 1000,
  "width": 174.80475382003397,
  "x": 18.336162988115451,
  "y": 20.780984719864176,
  "z": 3000
}