{
  "height": 111.94029850746269,
  "tabOrder": 13000,
  "width": 246.26865671641789,
  "x": 217.61194029850745,
  "y": 136.11940298507463,
  "z": 12000
}