{
  "height": 719.75683890577511,
  "tabOrder": 4000,
  "width": 225.6534954407295,
  "x": 0,
  "y": 0,
  "z": 1000
}