{
  "height": 115.74468085106383,
  "tabOrder": 12000,
  "width": 1070.8814589665653,
  "x": 209.11854103343467,
  "y": 0,
  "z": 0
}