{
  "height": 79.701492537313428,
  "width": 70.87195600942654,
  "x": 237.48750356622224,
  "y": 14.46201826687459,
  "z": 12000
}