{
  "height": 96.71641791044776,
  "width": 453.13432835820896,
  "x": 79.701492537313428,
  "y": 372.53731343283579,
  "z": 0
}