{
  "height": 39.878419452887542,
  "tabOrder": 11000,
  "width": 40.851063829787236,
  "x": 219.81762917933131,
  "y": 18.480243161094226,
  "z": 12000
}