{
  "height": 202.38805970149252,
  "tabOrder": 2000,
  "width": 300,
  "x": 230.14925373134326,
  "y": 281.19402985074623,
  "z": 4000
}