{
  "height": 39.878419452887542,
  "tabOrder": 7000,
  "width": 43.768996960486326,
  "x": 1191.4893617021278,
  "y": 29.179331306990882,
  "z": 9000
}