{
  "height": 719.75683890577511,
  "tabOrder": 9000,
  "width": 218.84498480243161,
  "x": 0,
  "y": 0,
  "z": 1000
}