{
  "height": 173.73134328358208,
  "tabOrder": 15000,
  "width": 193.43283582089552,
  "x": 1078.2089552238806,
  "y": 541.79104477611941,
  "z": 17000
}