{
  "height": 94.02985074626865,
  "tabOrder": 1000,
  "width": 281.02108525003592,
  "x": 0,
  "y": 0,
  "z": 4000
}