{
  "height": 173.73134328358208,
  "tabOrder": 3000,
  "width": 275.82089552238807,
  "x": 789.85074626865674,
  "y": 541.79104477611941,
  "z": 5000
}