{
  "height": 444.49848024316111,
  "tabOrder": 8000,
  "width": 198.419452887538,
  "x": 10.699088145896656,
  "y": 264.55927051671733,
  "z": 10000
}