{
  "height": 491.59174141499921,
  "tabOrder": 2000,
  "width": 863.34271004723746,
  "x": 322.83636749641738,
  "y": 168.75537391858182,
  "z": 4000
}