{
  "height": 231.04477611940297,
  "tabOrder": 2000,
  "width": 582.98507462686564,
  "x": 422.68656716417911,
  "y": 488.955223880597,
  "z": 4000
}