{
  "name": "0d140f84096e7ed17e9c",
  "layouts": [
    {
      "id": 0,
      "position": {
        "x": 18.480243161094226,
        "y": 7.7811550151975686,
        "z": 2000,
        "width": 182.85714285714286,
        "height": 161.45896656534956,
        "tabOrder": 0
      }
    }
  ],
  "singleVisual": {
    "visualType": "image",
    "drillFilterOtherVisuals": true,
    "objects": {
      "general": [
        {
          "properties": {
            "imageUrl": {
              "expr": {
                "ResourcePackageItem": {
                  "PackageName": "RegisteredResources",
                  "PackageType": 1,
                  "ItemName": "Capture_d'_cran_2025-04-04_1836973237642134573.png"
                }
              }
            }
          }
        }
      ]
    }
  }
}