{
  "height": 161.45896656534956,
  "width": 182.85714285714286,
  "x": 18.480243161094226,
  "y": 7.7811550151975686,
  "z": 2000
}