{
  "height": 112.83582089552239,
  "tabOrder": 1000,
  "width": 233.98464411431482,
  "x": 0,
  "y": 0,
  "z": 5000
}