{
  "height": 112.83582089552239,
  "tabOrder": 14000,
  "width": 234.62686567164178,
  "x": 1036.1194029850747,
  "y": 136.11940298507463,
  "z": 13000
}