{
  "height": 426.01823708206689,
  "tabOrder": 8000,
  "width": 192.58358662613983,
  "x": 8.7537993920972657,
  "y": 289.84802431610944,
  "z": 10000
}