{
  "height": 1973.6683417085426,
  "tabOrder": 1000,
  "width": 3974.4723618090452,
  "x": 226.13065326633165,
  "y": 115.7788944723618,
  "z": 2000
}