{
  "height": 55.170575692963752,
  "width": 47.409449025857562,
  "x": 198.85920769056034,
  "y": 24.842425926330666,
  "z": 14004
}