{
  "height": 112.83582089552239,
  "tabOrder": 11000,
  "width": 273.13432835820896,
  "x": 750.35305872079425,
  "y": 136.12917812350011,
  "z": 10000
}