{
  "height": 39.878419452887542,
  "tabOrder": 10000,
  "width": 41.823708206686931,
  "x": 1209.969604863222,
  "y": 37.933130699088146,
  "z": 11000
}