{
  "height": 82.674772036474167,
  "tabOrder": 9000,
  "width": 192.58358662613983,
  "x": 8.7537993920972657,
  "y": 193.55623100303953,
  "z": 11000
}