{
  "height": 112.83582089552239,
  "tabOrder": 1000,
  "width": 273.13432835820896,
  "x": 0,
  "y": 0,
  "z": 4000
}