{
  "height": 173.73134328358208,
  "tabOrder": 5000,
  "width": 276.71641791044777,
  "x": 219.40298507462686,
  "y": 541.79104477611941,
  "z": 7000
}