{
  "height": 538.84498480243167,
  "tabOrder": 3000,
  "width": 182.85714285714286,
  "x": 21.398176291793312,
  "y": 168.26747720364742,
  "z": 5000
}