{
  "height": 206.86567164179104,
  "width": 298.20895522388059,
  "x": 687.76119402985069,
  "y": 513.1343283582089,
  "z": 2000
}