{
  "height": 112.83582089552239,
  "tabOrder": 1000,
  "width": 261.49253731343282,
  "x": 0,
  "y": 0,
  "z": 7000
}