{
  "height": 39.878419452887542,
  "tabOrder": 12000,
  "width": 50.577507598784194,
  "x": 1229.4224924012158,
  "y": 18.480243161094226,
  "z": 13000
}