{
  "height": 161.35823429541597,
  "width": 183.3616298811545,
  "x": 13.446519524617997,
  "y": 14.66893039049236,
  "z": 2000
}