{
  "height": 71.641791044776113,
  "tabOrder": 7000,
  "width": 881.19402985074623,
  "x": 277.61194029850748,
  "y": 218.50746268656715,
  "z": 9000
}