{
  "name": "54047d9573cd93841045",
  "layouts": [
    {
      "id": 0,
      "position": {
        "x": 13.617021276595745,
        "y": 6.8085106382978724,
        "z": 6000,
        "width": 182.85714285714286,
        "height": 161.45896656534956,
        "tabOrder": 4000
      }
    }
  ],
  "singleVisual": {
    "visualType": "image",
    "drillFilterOtherVisuals": true,
    "objects": {
      "general": [
        {
          "properties": {
            "imageUrl": {
              "expr": {
                "ResourcePackageItem": {
                  "PackageName": "RegisteredResources",
                  "PackageType": 1,
                  "ItemName": "Capture_d'_cran_2025-04-04_1836973237642134573.png"
                }
              }
            }
          }
        }
      ]
    }
  }
}