{
  "height": 161.45896656534956,
  "tabOrder": 4000,
  "width": 182.85714285714286,
  "x": 13.617021276595745,
  "y": 6.8085106382978724,
  "z": 6000
}