{
  "height": 202.38805970149252,
  "tabOrder": 5000,
  "width": 248.955223880597,
  "x": 539.1044776119403,
  "y": 281.19402985074623,
  "z": 7000
}