{
  "height": 93.456443195503809,
  "tabOrder": 1000,
  "width": 335.56231003039517,
  "x": 0,
  "y": 0,
  "z": 3000
}