{
  "height": 39.878419452887542,
  "width": 40.851063829787236,
  "x": 257.75075987841944,
  "y": 24.316109422492403,
  "z": 3000
}