{
  "height": 59.552238805970148,
  "width": 68.716834714424834,
  "x": 212.47719513632137,
  "y": 18.089922887663484,
  "z": 12000
}