{
  "height": 119.1044776119403,
  "tabOrder": 15002,
  "width": 69.850746268656721,
  "x": 236.5649365114725,
  "y": 0,
  "z": 15002
}