{
  "height": 202.38805970149252,
  "tabOrder": 11000,
  "width": 272.23880597014926,
  "x": 794.32835820895525,
  "y": 281.19402985074623,
  "z": 12000
}