{
  "height": 114.6268656716418,
  "tabOrder": 1000,
  "width": 295.52238805970148,
  "x": 0,
  "y": 0,
  "z": 0
}