{
  "height": 115.74468085106383,
  "tabOrder": 4000,
  "width": 1073.7993920972644,
  "x": 206.20060790273558,
  "y": 0,
  "z": 0
}