{
  "height": 538.84498480243167,
  "tabOrder": 1000,
  "width": 192.58358662613983,
  "x": 13.617021276595745,
  "y": 169.24012158054711,
  "z": 3000
}