{
  "height": 96.71641791044776,
  "width": 513.1343283582089,
  "x": 79.701492537313428,
  "y": 486.26865671641792,
  "z": 1
}