{
  "height": 115.74468085106383,
  "tabOrder": 5000,
  "width": 1054.3465045592707,
  "x": 225.6534954407295,
  "y": 0,
  "z": 0
}