{
  "height": 66.996268656716424,
  "width": 46.567164179104473,
  "x": 214.02985074626866,
  "y": 22.038246268656717,
  "z": 14002
}