{
  "height": 450.44776119402985,
  "tabOrder": 3000,
  "width": 234.62686567164178,
  "x": 1036.1194029850747,
  "y": 269.55223880597015,
  "z": 5000
}