{
  "height": 84.179104477611943,
  "width": 304.47761194029852,
  "x": 945.67164179104475,
  "y": 605.37313432835822,
  "z": 3
}