{
  "height": 206.86567164179104,
  "tabOrder": 6000,
  "width": 448.65671641791045,
  "x": 230.14925373134326,
  "y": 513.1343283582089,
  "z": 8000
}