{
  "height": 70.030395136778125,
  "tabOrder": 5000,
  "width": 183.82978723404256,
  "x": 11.671732522796352,
  "y": 184.80243161094225,
  "z": 7000
}