{
  "height": 96.71641791044776,
  "width": 590.14925373134326,
  "x": 79.701492537313428,
  "y": 605.37313432835822,
  "z": 2
}