{
  "height": 39.878419452887542,
  "tabOrder": 6000,
  "width": 40.851063829787236,
  "x": 265.53191489361706,
  "y": 29.179331306990882,
  "z": 8000
}